id,name,logo_url,logo_file,source_url
1,FaZe Clan,https://wstatic-prod-boc.krafton.com/common/team/20251023/0leKdaEp/faze.png,pubg_teams\logos\1.png,https://pubgesports.com/vi/teams/1
2,Natus Vincere,https://wstatic-prod-boc.krafton.com/entry/player/20240318/LEm4E42C.png,pubg_teams\logos\2.png,https://pubgesports.com/vi/teams/2
4,Virtus.pro,https://wstatic-prod-boc.krafton.com/common/team/20240506/1TbvUQpa/vp.png,pubg_teams\logos\4.png,https://pubgesports.com/vi/teams/4
7,Buriram United Esports,https://wstatic-prod-boc.krafton.com/entry/player/20231010/eH5EBuTz.png,pubg_teams\logos\7.png,https://pubgesports.com/vi/teams/7
14,FOUR ANGRY MEN,https://wstatic-prod-boc.krafton.com/entry/player/20240418/vll3G4ZY.png,pubg_teams\logos\14.png,https://pubgesports.com/vi/teams/14
22,FURIA,https://wstatic-prod-boc.krafton.com/esports-legacy/resources/images/team/logo_furia.png,pubg_teams\logos\22.png,https://pubgesports.com/vi/teams/22
24,17Gaming,https://wstatic-prod-boc.krafton.com/entry/player/20240418/4hdPxuri.png,pubg_teams\logos\24.png,https://pubgesports.com/vi/teams/24
28,Petrichor Road,https://wstatic-prod-boc.krafton.com/common/team/20250312/LW6pA9KX/pero.png,pubg_teams\logos\28.png,https://pubgesports.com/vi/teams/28
29,Gen.G Esports,https://wstatic-prod-boc.krafton.com/common/team/20260316/0sT283K2/GEN-SQ-LIGHT 1.png,pubg_teams\logos\29.png,https://pubgesports.com/vi/teams/29
41,Sharper Esports,https://wstatic-prod-boc.krafton.com/entry/player/20231010/bFG3B8oh.png,pubg_teams\logos\41.png,https://pubgesports.com/vi/teams/41
44,GAM The Expendables,https://wstatic-prod-boc.krafton.com/common/team/20260722/ZNgqlnJO/TE-X-GAM-OPT-2-(1).png,pubg_teams\logos\44.png,https://pubgesports.com/vi/teams/44
58,TEAM LIQUID,https://wstatic-prod-boc.krafton.com/entry/player/20250314/1CQsMdaH.png,pubg_teams\logos\58.png,https://pubgesports.com/vi/teams/58
94,NEWHAPPY-ESPORTS,https://wstatic-prod-boc.krafton.com/entry/player/20240418/XmZsZT7i.png,pubg_teams\logos\94.png,https://pubgesports.com/vi/teams/94
95,FINHAY CERBERUS,https://wstatic-prod-boc.krafton.com/entry/player/20240322/ysMVNYKb.png,pubg_teams\logos\95.png,https://pubgesports.com/vi/teams/95
149,Falcons,https://wstatic-prod-boc.krafton.com/entry/player/20240315/SVZvjjdR.png,pubg_teams\logos\149.png,https://pubgesports.com/vi/teams/149
159,BB Team,https://wstatic-prod-boc.krafton.com/common/team/20241001/as0ap1TS/bb.png,pubg_teams\logos\159.png,https://pubgesports.com/vi/teams/159
165,Made in Thailand,https://wstatic-prod-boc.krafton.com/entry/player/20231010/WXAZRaE6.png,pubg_teams\logos\165.png,https://pubgesports.com/vi/teams/165
166,Change The Game,https://wstatic-prod-boc.krafton.com/common/team/20260316/QY2ARob6/CTG-SQ-LIGHT 1.png,pubg_teams\logos\166.png,https://pubgesports.com/vi/teams/166
168,GNL ESPORTS,https://wstatic-prod-boc.krafton.com/entry/player/20240314/RO0NqQoQ.png,pubg_teams\logos\168.png,https://pubgesports.com/vi/teams/168
186,DN SOOPers,https://wstatic-prod-boc.krafton.com/common/team/20260316/nOE7IQnZ/DNS-SQ-LIGHT 1.png,pubg_teams\logos\186.png,https://pubgesports.com/vi/teams/186
188,Eagle Owls,https://wstatic-prod-boc.krafton.com/entry/player/20240314/N9XHVSwi.png,pubg_teams\logos\188.png,https://pubgesports.com/vi/teams/188
189,Yaho,https://wstatic-prod-boc.krafton.com/esports-legacy/upload/T_GAME_TEAM/20220412/4568601f86eb725c_202204120836462981.png,pubg_teams\logos\189.png,https://pubgesports.com/vi/teams/189
195,Theerathon Five,https://wstatic-prod-boc.krafton.com/common/team/20260529/SSYu3lej/LOGO_T5_OK06-01.png,pubg_teams\logos\195.png,https://pubgesports.com/vi/teams/195
200,Alter Ego,https://wstatic-prod-boc.krafton.com/esports-legacy/upload/T_GAME_TEAM/20220412/c091933f36a2e74c_202204121216386491.png,pubg_teams\logos\200.png,https://pubgesports.com/vi/teams/200
202,FUT Esports,https://wstatic-prod-boc.krafton.com/entry/player/20240318/YQBYsB1T.png,pubg_teams\logos\202.png,https://pubgesports.com/vi/teams/202
206,Sakura Zensen,https://wstatic-prod-boc.krafton.com/common/team/20240920/CNQWq3Mq/sakura.png,pubg_teams\logos\206.png,https://pubgesports.com/vi/teams/206
209,TYLOO,https://wstatic-prod-boc.krafton.com/entry/player/20240418/iKklTrHt.png,pubg_teams\logos\209.png,https://pubgesports.com/vi/teams/209
235,eArena,https://wstatic-prod-boc.krafton.com/entry/player/20240322/AMNrIpof.png,pubg_teams\logos\235.png,https://pubgesports.com/vi/teams/235
246,Baegopa,https://wstatic-prod-boc.krafton.com/common/team/20250307/0MqwptO6/bgp.png,pubg_teams\logos\246.png,https://pubgesports.com/vi/teams/246
248,Acend,https://wstatic-prod-boc.krafton.com/entry/player/20240318/K93Wzvzm.png,pubg_teams\logos\248.png,https://pubgesports.com/vi/teams/248
250,winordie,https://wstatic-prod-boc.krafton.com/entry/player/20240318/3Lq3LG0P.png,pubg_teams\logos\250.png,https://pubgesports.com/vi/teams/250
257,Twisted Minds,https://wstatic-prod-boc.krafton.com/common/team/20251023/igT8VOdr/twis.png,pubg_teams\logos\257.png,https://pubgesports.com/vi/teams/257
261,AZLA PENTAGRAM,https://wstatic-prod-boc.krafton.com/entry/player/20240314/JudYAd54.png,pubg_teams\logos\261.png,https://pubgesports.com/vi/teams/261
297,Dream Set Sail,https://wstatic-prod-boc.krafton.com/entry/player/20240418/YAaPHXPk.png,pubg_teams\logos\297.png,https://pubgesports.com/vi/teams/297
298,Game start win,https://wstatic-prod-boc.krafton.com/common/team/20250312/Prmqkll2/gsw.png,pubg_teams\logos\298.png,https://pubgesports.com/vi/teams/298
333,FW ESPORTS,https://wstatic-prod-boc.krafton.com/entry/player/20231010/ClUlrbBT.png,pubg_teams\logos\333.png,https://pubgesports.com/vi/teams/333
337,Armory Gaming,https://wstatic-prod-boc.krafton.com/entry/player/20240322/jhnzT0C2.png,pubg_teams\logos\337.png,https://pubgesports.com/vi/teams/337
344,HALOQUEEN,https://wstatic-prod-boc.krafton.com/entry/player/20240418/zbFxg92V.png,pubg_teams\logos\344.png,https://pubgesports.com/vi/teams/344
346,Rainbow Style,https://wstatic-prod-boc.krafton.com/entry/player/20240418/grhTWZn7.png,pubg_teams\logos\346.png,https://pubgesports.com/vi/teams/346
347,Soy Milk Squad,https://wstatic-prod-boc.krafton.com/entry/player/20240418/c2aRvDrw.png,pubg_teams\logos\347.png,https://pubgesports.com/vi/teams/347
357,NEW HOUSE ESPORTS,https://wstatic-prod-boc.krafton.com/entry/player/20231011/Kar0ZY1D.png,pubg_teams\logos\357.png,https://pubgesports.com/vi/teams/357
368,+55 e-Sports,https://wstatic-prod-boc.krafton.com/common/team/20250317/aZIXMx7n/55.png,pubg_teams\logos\368.png,https://pubgesports.com/vi/teams/368
375,IFYOUMINE GAME PT,https://wstatic-prod-boc.krafton.com/entry/player/20240314/hKqgur0J.png,pubg_teams\logos\375.png,https://pubgesports.com/vi/teams/375
382,Xavage Men Esports,https://wstatic-prod-boc.krafton.com/entry/player/20250318/8SmSwdNc.png,pubg_teams\logos\382.png,https://pubgesports.com/vi/teams/382
398,Divine,https://wstatic-prod-boc.krafton.com/common/team/20250224/wiZi4eNB/divine.png,pubg_teams\logos\398.png,https://pubgesports.com/vi/teams/398
405,Zhu Chao Gaming,https://wstatic-prod-boc.krafton.com/entry/player/20240418/jP0yyxNf.png,pubg_teams\logos\405.png,https://pubgesports.com/vi/teams/405
420,Vorpal Swords,https://wstatic-prod-boc.krafton.com/entry/player/20231006/aPggKEbZ.png,pubg_teams\logos\420.png,https://pubgesports.com/vi/teams/420
497,e-sports FROM,https://wstatic-prod-boc.krafton.com/common/team/20250221/jAivLdQV/esportsfrom.png,pubg_teams\logos\497.png,https://pubgesports.com/vi/teams/497
499,Sentinel,https://wstatic-prod-boc.krafton.com/entry/player/20240314/1XLwUTyJ.png,pubg_teams\logos\499.png,https://pubgesports.com/vi/teams/499
501,SUPERFECT Academy,https://wstatic-prod-boc.krafton.com/common/team/20240920/Wpj6tb5I/spf.png,pubg_teams\logos\501.png,https://pubgesports.com/vi/teams/501
506,Bestia,https://wstatic-prod-boc.krafton.com/entry/player/20240315/31tmoGWx.png,pubg_teams\logos\506.png,https://pubgesports.com/vi/teams/506
507,Bonde do Galo,https://wstatic-prod-boc.krafton.com/entry/player/20240315/gsccJ9St.png,pubg_teams\logos\507.png,https://pubgesports.com/vi/teams/507
541,WEIBO GAMING,https://wstatic-prod-boc.krafton.com/common/team/20240517/siJzWz7b/wbg.png,pubg_teams\logos\541.png,https://pubgesports.com/vi/teams/541
543,TOYO ESPORTS,https://wstatic-prod-boc.krafton.com/common/team/20250317/5qTNQ9xe/toyo.png,pubg_teams\logos\543.png,https://pubgesports.com/vi/teams/543
545,Qiao Ying Gaming,https://wstatic-prod-boc.krafton.com/common/team/20250312/a69ciBjD/qy.png,pubg_teams\logos\545.png,https://pubgesports.com/vi/teams/545
580,Anyone's Legend,https://wstatic-prod-boc.krafton.com/common/team/20260316/nCZGytzj/AL-SQ-LIGHT 1.png,pubg_teams\logos\580.png,https://pubgesports.com/vi/teams/580
581,Eternal Fire,https://wstatic-prod-boc.krafton.com/common/team/20240826/C7xgbhrm/eternal fire.png,pubg_teams\logos\581.png,https://pubgesports.com/vi/teams/581
584,Jian Rong Gaming,https://wstatic-prod-boc.krafton.com/common/team/20250312/WHoSBYhz/jrg.png,pubg_teams\logos\584.png,https://pubgesports.com/vi/teams/584
594,Potentially Dangerous,https://wstatic-prod-boc.krafton.com/common/team/20241001/dx9KOmCc/danger.png,pubg_teams\logos\594.png,https://pubgesports.com/vi/teams/594
600,WuJuTu,https://wstatic-prod-boc.krafton.com/entry/player/20240920/VexZ5Icu.png,pubg_teams\logos\600.png,https://pubgesports.com/vi/teams/600
603,TDT Esports,https://wstatic-prod-boc.krafton.com/common/team/20241008/YE9Q1RJi/tdt.png,pubg_teams\logos\603.png,https://pubgesports.com/vi/teams/603
606,FN Pocheon,https://wstatic-prod-boc.krafton.com/common/team/20250206/6Ksb4ttQ/FN.png,pubg_teams\logos\606.png,https://pubgesports.com/vi/teams/606
607,KXGaming,https://wstatic-prod-boc.krafton.com/common/team/20250221/bKn9cysc/kxg.png,pubg_teams\logos\607.png,https://pubgesports.com/vi/teams/607
608,SGA INCHEON,https://wstatic-prod-boc.krafton.com/common/team/20250827/mgLhV7Qx/sga.png,pubg_teams\logos\608.png,https://pubgesports.com/vi/teams/608
609,PHANTOM HEARTS_E,https://wstatic-prod-boc.krafton.com/common/team/20250221/l1MzkUT0/phe.png,pubg_teams\logos\609.png,https://pubgesports.com/vi/teams/609
624,Golden Quester Gaming,https://wstatic-prod-boc.krafton.com/entry/player/20250312/bv21qMFr.png,pubg_teams\logos\624.png,https://pubgesports.com/vi/teams/624
626,Team Magic,https://wstatic-prod-boc.krafton.com/entry/player/20250312/aUQslCZ9.png,pubg_teams\logos\626.png,https://pubgesports.com/vi/teams/626
627,Ninjas in Pyjamas,https://wstatic-prod-boc.krafton.com/entry/player/20250312/FwpTsmDK.png,pubg_teams\logos\627.png,https://pubgesports.com/vi/teams/627
628,Papillons Dangereux,https://wstatic-prod-boc.krafton.com/entry/player/20250312/Ss3XvRmV.png,pubg_teams\logos\628.png,https://pubgesports.com/vi/teams/628
631,AlQadsiah,https://wstatic-prod-boc.krafton.com/entry/player/20250314/xsz7Tk0O.png,pubg_teams\logos\631.png,https://pubgesports.com/vi/teams/631
636,Gooners,https://wstatic-prod-boc.krafton.com/entry/player/20250314/c1X4s7Iu.png,pubg_teams\logos\636.png,https://pubgesports.com/vi/teams/636
640,HYPEBEASTS,https://wstatic-prod-boc.krafton.com/common/team/20250612/2aVPTTLk/hype.png,pubg_teams\logos\640.png,https://pubgesports.com/vi/teams/640
643,Bushido,https://wstatic-prod-boc.krafton.com/entry/player/20250314/6faHfOd4.png,pubg_teams\logos\643.png,https://pubgesports.com/vi/teams/643
644,Creff,https://wstatic-prod-boc.krafton.com/entry/player/20250314/7LKnVdL9.png,pubg_teams\logos\644.png,https://pubgesports.com/vi/teams/644
646,Geekay Esports,https://wstatic-prod-boc.krafton.com/entry/player/20250314/uQpCowEd.png,pubg_teams\logos\646.png,https://pubgesports.com/vi/teams/646
648,The Myth of,https://wstatic-prod-boc.krafton.com/entry/player/20250314/UW23lyBf.png,pubg_teams\logos\648.png,https://pubgesports.com/vi/teams/648
653,Team Flash,https://wstatic-prod-boc.krafton.com/common/team/20250922/QIUtdNOM/team flash.png,pubg_teams\logos\653.png,https://pubgesports.com/vi/teams/653
654,WinD Esport,https://wstatic-prod-boc.krafton.com/common/team/20250918/NmZWgTSR/wde.png,pubg_teams\logos\654.png,https://pubgesports.com/vi/teams/654
659,Happie SQUAD,https://wstatic-prod-boc.krafton.com/entry/player/20250318/jGDqgaGp.png,pubg_teams\logos\659.png,https://pubgesports.com/vi/teams/659
661,MuZaVi,https://wstatic-prod-boc.krafton.com/common/team/20250826/89te3mcw/mzv.png,pubg_teams\logos\661.png,https://pubgesports.com/vi/teams/661
666,ROC Esports,https://wstatic-prod-boc.krafton.com/common/team/20250415/9AFYs6yp/roc.png,pubg_teams\logos\666.png,https://pubgesports.com/vi/teams/666
667,Green Tea,https://wstatic-prod-boc.krafton.com/common/team/20250909/FawbFmaS/grt.png,pubg_teams\logos\667.png,https://pubgesports.com/vi/teams/667
671,Cheon Sang Gye,https://wstatic-prod-boc.krafton.com/entry/player/20250610/n8fFHBXK.png,pubg_teams\logos\671.png,https://pubgesports.com/vi/teams/671
672,Hive,https://wstatic-prod-boc.krafton.com/entry/player/20250612/MdGMvVKW.png,pubg_teams\logos\672.png,https://pubgesports.com/vi/teams/672
679,010 Esports,https://wstatic-prod-boc.krafton.com/common/team/20250612/4aOsHBaN/010.png,pubg_teams\logos\679.png,https://pubgesports.com/vi/teams/679
681,JD Gaming,https://wstatic-prod-boc.krafton.com/common/team/20260316/oAuVqbYY/JDG-SQ-LIGHT 1.png,pubg_teams\logos\681.png,https://pubgesports.com/vi/teams/681
682,EDWARD GAMING,https://wstatic-prod-boc.krafton.com/entry/player/20250612/RFCKyyQX.png,pubg_teams\logos\682.png,https://pubgesports.com/vi/teams/682
683,Nirvana Gaming,https://wstatic-prod-boc.krafton.com/entry/player/20250612/dVKuMCAw.png,pubg_teams\logos\683.png,https://pubgesports.com/vi/teams/683
684,The Chosen Youth,https://wstatic-prod-boc.krafton.com/entry/player/20250612/fd0EP25q.png,pubg_teams\logos\684.png,https://pubgesports.com/vi/teams/684
685,LvErGaming,https://wstatic-prod-boc.krafton.com/entry/player/20250612/gkBJvm7d.png,pubg_teams\logos\685.png,https://pubgesports.com/vi/teams/685
691,Team MIRA,https://wstatic-prod-boc.krafton.com/entry/player/20250612/y3XGRlQh.png,pubg_teams\logos\691.png,https://pubgesports.com/vi/teams/691
694,YING YANG,https://wstatic-prod-boc.krafton.com/entry/player/20250612/vy2ZBkcQ.png,pubg_teams\logos\694.png,https://pubgesports.com/vi/teams/694
708,Justice For Tomorrow Esports,https://wstatic-prod-boc.krafton.com/entry/player/20250616/cOhc1tAP.png,pubg_teams\logos\708.png,https://pubgesports.com/vi/teams/708
717,FULL SENSE,https://wstatic-prod-boc.krafton.com/common/team/20260316/ZjX6y0b0/FS-SQ-LIGHT 1.png,pubg_teams\logos\717.png,https://pubgesports.com/vi/teams/717
718,MAYBE,https://wstatic-prod-boc.krafton.com/common/team/20250826/fLi9pDSR/may.png,pubg_teams\logos\718.png,https://pubgesports.com/vi/teams/718
719,7Royal,https://wstatic-prod-boc.krafton.com/common/team/20250826/UerXyp9r/7l.png,pubg_teams\logos\719.png,https://pubgesports.com/vi/teams/719
720,GOGOPUSH,https://wstatic-prod-boc.krafton.com/common/team/20250826/WNttglq1/ggp.png,pubg_teams\logos\720.png,https://pubgesports.com/vi/teams/720
721,ProDreamEsports,https://wstatic-prod-boc.krafton.com/common/team/20250826/QLN5zp8A/pde.png,pubg_teams\logos\721.png,https://pubgesports.com/vi/teams/721
723,Sunny,https://wstatic-prod-boc.krafton.com/common/team/20250829/CVAtuLnM/sun.png,pubg_teams\logos\723.png,https://pubgesports.com/vi/teams/723
726,Fatal X,https://wstatic-prod-boc.krafton.com/common/team/20250902/RWpiNARS/fx.png,pubg_teams\logos\726.png,https://pubgesports.com/vi/teams/726
727,Collector,https://wstatic-prod-boc.krafton.com/entry/player/20250903/iTEAwR84.png,pubg_teams\logos\727.png,https://pubgesports.com/vi/teams/727
728,DEPORTIVO MERLO,https://wstatic-prod-boc.krafton.com/entry/player/20250903/2EOkOfqe.png,pubg_teams\logos\728.png,https://pubgesports.com/vi/teams/728
729,4DOGZ,https://wstatic-prod-boc.krafton.com/entry/player/20250903/L5fRJtDK.png,pubg_teams\logos\729.png,https://pubgesports.com/vi/teams/729
730,MAXWIN,https://wstatic-prod-boc.krafton.com/entry/player/20250903/6wC8Drdm.png,pubg_teams\logos\730.png,https://pubgesports.com/vi/teams/730
732,NO WAY,https://wstatic-prod-boc.krafton.com/entry/player/20250903/DTp6JUOe.png,pubg_teams\logos\732.png,https://pubgesports.com/vi/teams/732
733,PEST Control,https://wstatic-prod-boc.krafton.com/entry/player/20250903/7AM136Tj.png,pubg_teams\logos\733.png,https://pubgesports.com/vi/teams/733
735,Circus Crew,https://wstatic-prod-boc.krafton.com/common/team/20250904/KtX0Q7Xd/circus.png,pubg_teams\logos\735.png,https://pubgesports.com/vi/teams/735
736,CRYNT,https://wstatic-prod-boc.krafton.com/common/team/20250904/pwbiDSyr/crynt.png,pubg_teams\logos\736.png,https://pubgesports.com/vi/teams/736
737,Hands of Hope,https://wstatic-prod-boc.krafton.com/common/team/20250904/M9mRJwbp/hands.png,pubg_teams\logos\737.png,https://pubgesports.com/vi/teams/737
738,Kitchen,https://wstatic-prod-boc.krafton.com/common/team/20250904/vO1f06eu/kitchen.png,pubg_teams\logos\738.png,https://pubgesports.com/vi/teams/738
739,Respawn,https://wstatic-prod-boc.krafton.com/common/team/20250904/uDFzfPuN/respawn.png,pubg_teams\logos\739.png,https://pubgesports.com/vi/teams/739
740,Joga Bonito,https://wstatic-prod-boc.krafton.com/entry/player/20250917/PRjid335.png,pubg_teams\logos\740.png,https://pubgesports.com/vi/teams/740
742,GamDaSal,https://wstatic-prod-boc.krafton.com/common/team/20250909/WlMSSMDT/gds.png,pubg_teams\logos\742.png,https://pubgesports.com/vi/teams/742
743,Mercedes,https://wstatic-prod-boc.krafton.com/common/team/20250923/Zdcej1FZ/mcd.png,pubg_teams\logos\743.png,https://pubgesports.com/vi/teams/743
744,Baguette,https://wstatic-prod-boc.krafton.com/common/team/20250916/h4UXt61m/bgt.png,pubg_teams\logos\744.png,https://pubgesports.com/vi/teams/744
747,RUW Homie,https://wstatic-prod-boc.krafton.com/entry/player/20250917/59yOkq8U.png,pubg_teams\logos\747.png,https://pubgesports.com/vi/teams/747
748,Fight For Life,https://wstatic-prod-boc.krafton.com/entry/player/20250917/Upnba3qY.png,pubg_teams\logos\748.png,https://pubgesports.com/vi/teams/748
749,Iconic Esport,https://wstatic-prod-boc.krafton.com/entry/player/20250917/eLeOOWaq.png,pubg_teams\logos\749.png,https://pubgesports.com/vi/teams/749
750,Aurora,https://wstatic-prod-boc.krafton.com/entry/player/20250917/nlRRnvig.png,pubg_teams\logos\750.png,https://pubgesports.com/vi/teams/750
752,Shadow Esport,https://wstatic-prod-boc.krafton.com/entry/player/20250917/2PHmqyrj.png,pubg_teams\logos\752.png,https://pubgesports.com/vi/teams/752
753,Nemiga Gaming,https://wstatic-prod-boc.krafton.com/common/team/20251106/Ih13G4kX/nemiga.png,pubg_teams\logos\753.png,https://pubgesports.com/vi/teams/753
754,Copenhagen Wolves,https://wstatic-prod-boc.krafton.com/common/team/20251106/qY14ukv9/copenhagen.png,pubg_teams\logos\754.png,https://pubgesports.com/vi/teams/754
755,Team Orchid,https://wstatic-prod-boc.krafton.com/common/team/20251117/HtuoNp3F/teamorchid.png,pubg_teams\logos\755.png,https://pubgesports.com/vi/teams/755
757,Crazy Raccoon,https://wstatic-prod-boc.krafton.com/common/team/20260316/rMAwf0BS/CR-SQ-LIGHT 1.png,pubg_teams\logos\757.png,https://pubgesports.com/vi/teams/757
758,S2G Esports,https://wstatic-prod-boc.krafton.com/common/team/20260223/zOLASeag/S2G.png,pubg_teams\logos\758.png,https://pubgesports.com/vi/teams/758
759,Team Vitality,https://wstatic-prod-boc.krafton.com/common/team/20260223/ABF61rZS/Team Vitality.png,pubg_teams\logos\759.png,https://pubgesports.com/vi/teams/759
761,KOREA,https://wstatic-prod-boc.krafton.com/common/team/20260618/xZ8ib0hv/Frame 68.png,pubg_teams\logos\761.png,https://pubgesports.com/vi/teams/761
762,ARGENTINA,https://wstatic-prod-boc.krafton.com/entry/player/20260618/vRzd7DZS.png,pubg_teams\logos\762.png,https://pubgesports.com/vi/teams/762
763,AUSTRALIA,https://wstatic-prod-boc.krafton.com/entry/player/20260618/sCvatLWN.png,pubg_teams\logos\763.png,https://pubgesports.com/vi/teams/763
764,BRAZIL,https://wstatic-prod-boc.krafton.com/entry/player/20260618/ap9vZsjz.png,pubg_teams\logos\764.png,https://pubgesports.com/vi/teams/764
765,CANADA,https://wstatic-prod-boc.krafton.com/entry/player/20260618/bQaDw5e1.png,pubg_teams\logos\765.png,https://pubgesports.com/vi/teams/765
766,CHINA,https://wstatic-prod-boc.krafton.com/entry/player/20260618/fT9kaD9m.png,pubg_teams\logos\766.png,https://pubgesports.com/vi/teams/766
767,CHINESE TAIPEI,https://wstatic-prod-boc.krafton.com/entry/player/20260618/hvTMNtrb.png,pubg_teams\logos\767.png,https://pubgesports.com/vi/teams/767
768,DENMARK,https://wstatic-prod-boc.krafton.com/entry/player/20260618/hSjGGluI.png,pubg_teams\logos\768.png,https://pubgesports.com/vi/teams/768
769,UKRAINE,https://wstatic-prod-boc.krafton.com/entry/player/20260618/a05neCHK.png,pubg_teams\logos\769.png,https://pubgesports.com/vi/teams/769
770,GERMANY,https://wstatic-prod-boc.krafton.com/entry/player/20260618/NFeSpKbj.png,pubg_teams\logos\770.png,https://pubgesports.com/vi/teams/770
771,INDIA,https://wstatic-prod-boc.krafton.com/entry/player/20260618/FyGMdaNp.png,pubg_teams\logos\771.png,https://pubgesports.com/vi/teams/771
772,INDONESIA,https://wstatic-prod-boc.krafton.com/entry/player/20260618/cthi4FyR.png,pubg_teams\logos\772.png,https://pubgesports.com/vi/teams/772
773,JAPAN,https://wstatic-prod-boc.krafton.com/entry/player/20260618/o468MF2r.png,pubg_teams\logos\773.png,https://pubgesports.com/vi/teams/773
774,MALAYSIA,https://wstatic-prod-boc.krafton.com/entry/player/20260618/n5MCzHuJ.png,pubg_teams\logos\774.png,https://pubgesports.com/vi/teams/774
775,NORWAY,https://wstatic-prod-boc.krafton.com/entry/player/20260618/TrwimK3Q.png,pubg_teams\logos\775.png,https://pubgesports.com/vi/teams/775
776,NEUTRAL TEAM,https://wstatic-prod-boc.krafton.com/entry/player/20260618/gV2ttv3B.png,pubg_teams\logos\776.png,https://pubgesports.com/vi/teams/776
777,KAZAKHSTAN,https://wstatic-prod-boc.krafton.com/entry/player/20260618/DV6pASqv.png,pubg_teams\logos\777.png,https://pubgesports.com/vi/teams/777
778,FINLAND,https://wstatic-prod-boc.krafton.com/entry/player/20260618/6fL9JdIh.png,pubg_teams\logos\778.png,https://pubgesports.com/vi/teams/778
779,THAILAND,https://wstatic-prod-boc.krafton.com/entry/player/20260618/ylicxTM3.png,pubg_teams\logos\779.png,https://pubgesports.com/vi/teams/779
780,TURKIYE,https://wstatic-prod-boc.krafton.com/entry/player/20260618/ITbmiq1p.png,pubg_teams\logos\780.png,https://pubgesports.com/vi/teams/780
781,UNITED KINGDOM,https://wstatic-prod-boc.krafton.com/entry/player/20260618/39mXPQuZ.png,pubg_teams\logos\781.png,https://pubgesports.com/vi/teams/781
782,UNITED STATES,https://wstatic-prod-boc.krafton.com/entry/player/20260618/pymarOU1.png,pubg_teams\logos\782.png,https://pubgesports.com/vi/teams/782
783,VIETNAM,https://wstatic-prod-boc.krafton.com/entry/player/20260618/iodEtBH7.png,pubg_teams\logos\783.png,https://pubgesports.com/vi/teams/783
784,PHILIPPINES,https://wstatic-prod-boc.krafton.com/common/team/20260618/M52lz07Q/Frame 72.png,pubg_teams\logos\784.png,https://pubgesports.com/vi/teams/784
785,Team Nemesis,https://wstatic-prod-boc.krafton.com/common/team/20260722/OinWsIpL/NMSS.png,pubg_teams\logos\785.png,https://pubgesports.com/vi/teams/785
786,Alpha Gaming,https://wstatic-prod-boc.krafton.com/common/team/20260804/VAvYI86k/Frame 6398.png,pubg_teams\logos\786.png,https://pubgesports.com/vi/teams/786
788,Godlike,https://wstatic-prod-boc.krafton.com/common/team/20260804/4a3E0F1M/Frame 6399.png,pubg_teams\logos\788.png,https://pubgesports.com/vi/teams/788
